"HITId","HITTypeId","Title","Description","Keywords","Reward","CreationTime","MaxAssignments","RequesterAnnotation","AssignmentDurationInSeconds","AutoApprovalDelayInSeconds","Expiration","NumberOfSimilarHITs","LifetimeInSeconds","AssignmentId","WorkerId","AssignmentStatus","AcceptTime","SubmitTime","AutoApprovalTime","ApprovalTime","RejectionTime","RequesterFeedback","WorkTimeInSeconds","LifetimeApprovalRate","Last30DaysApprovalRate","Last7DaysApprovalRate","Input.task_link","Answer.feedback","Answer.surveycode","Approve","Reject"
"3HEADTGN3Z2ZBP4Q68ZDX655NEFVR5","3H63IRCKXDPWH0CR61AJQ1E6PHQ8EE","Amazon Shopping Game [Some scoring bugs fixed; server speed improved]","Navigate the simulated Amazon shopping site to buy requested product.","","$0.70","Fri May 13 09:28:48 PDT 2022","1","BatchId:4739260;OriginalHitTemplateId:920937340;","3600","259200","Mon May 16 09:28:48 PDT 2022","","","3F6KKYWMNMBVPUA6CIN36KPCPPXNDY","ADOV0TU2G016A","Submitted","Fri May 13 09:49:59 PDT 2022","Fri May 13 09:58:27 PDT 2022","Mon May 16 09:58:27 PDT 2022","","","","508","100% (33/33)","100% (33/33)","100% (25/25)","http:/3.83.245.205:3000/20220513_3_fixed_100_400","{}","C70511FCF2"
"3HA5ODM5LK2BC443LXZINGA19GYVST","3H63IRCKXDPWH0CR61AJQ1E6PHQ8EE","Amazon Shopping Game [Some scoring bugs fixed; server speed improved]","Navigate the simulated Amazon shopping site to buy requested product.","","$0.70","Fri May 13 09:28:48 PDT 2022","1","BatchId:4739260;OriginalHitTemplateId:920937340;","3600","259200","Mon May 16 09:28:48 PDT 2022","","","3BWI6RSP7RJBEFWJS6HYG5L7PMVE79","A320QA9HJFUOZO","Submitted","Fri May 13 10:02:17 PDT 2022","Fri May 13 10:49:28 PDT 2022","Mon May 16 10:49:28 PDT 2022","","","","2831","100% (8/8)","100% (8/8)","0% (0/0)","http:/3.83.245.205:3000/20220513_3_fixed_100_401","thanks","FB6E555937"
"39O6Z4JLYC7J8LQ2F755MORTOV0XV3","3H63IRCKXDPWH0CR61AJQ1E6PHQ8EE","Amazon Shopping Game [Some scoring bugs fixed; server speed improved]","Navigate the simulated Amazon shopping site to buy requested product.","","$0.70","Fri May 13 09:28:48 PDT 2022","1","BatchId:4739260;OriginalHitTemplateId:920937340;","3600","259200","Mon May 16 09:28:48 PDT 2022","","","3UWN2HHPU9F1RJTO98IS1JBCQS3SNT","A2Y2TURT2VEYZN","Submitted","Fri May 13 09:36:48 PDT 2022","Fri May 13 09:53:48 PDT 2022","Mon May 16 09:53:48 PDT 2022","","","","1020","100% (224/224)","100% (224/224)","100% (30/30)","http:/3.83.245.205:3000/20220513_3_fixed_100_402","{}","7299B4D34E"
"3Z33IC0JDAWT7P84CRZR6L5BHSA9VX","3H63IRCKXDPWH0CR61AJQ1E6PHQ8EE","Amazon Shopping Game [Some scoring bugs fixed; server speed improved]","Navigate the simulated Amazon shopping site to buy requested product.","","$0.70","Fri May 13 09:28:48 PDT 2022","1","BatchId:4739260;OriginalHitTemplateId:920937340;","3600","259200","Mon May 16 09:28:48 PDT 2022","","","34BBWHLWHLL2KZZ6WXF1T0IGA6NIW0","A1HMZJ59OPLD1P","Submitted","Fri May 13 11:18:25 PDT 2022","Fri May 13 11:21:58 PDT 2022","Mon May 16 11:21:58 PDT 2022","","","","213","100% (44/44)","100% (44/44)","100% (2/2)","http:/3.83.245.205:3000/20220513_3_fixed_100_403","{}","CEAB6BD62B"
"3Y3CZJSZAU3IDVPB0HH0T8B6AQE5R9","3H63IRCKXDPWH0CR61AJQ1E6PHQ8EE","Amazon Shopping Game [Some scoring bugs fixed; server speed improved]","Navigate the simulated Amazon shopping site to buy requested product.","","$0.70","Fri May 13 09:28:48 PDT 2022","1","BatchId:4739260;OriginalHitTemplateId:920937340;","3600","259200","Mon May 16 09:28:48 PDT 2022","","","3Z4AIRP3CHN69T8YYVQH3KF1267X15","A2Y2TURT2VEYZN","Submitted","Fri May 13 10:11:17 PDT 2022","Fri May 13 10:21:04 PDT 2022","Mon May 16 10:21:04 PDT 2022","","","","587","100% (224/224)","100% (224/224)","100% (30/30)","http:/3.83.245.205:3000/20220513_3_fixed_100_404","{}","57530253FD"
"3J9L0X0VEPW6ME89214NSNOPO1C9W7","3H63IRCKXDPWH0CR61AJQ1E6PHQ8EE","Amazon Shopping Game [Some scoring bugs fixed; server speed improved]","Navigate the simulated Amazon shopping site to buy requested product.","","$0.70","Fri May 13 09:28:48 PDT 2022","1","BatchId:4739260;OriginalHitTemplateId:920937340;","3600","259200","Mon May 16 09:28:48 PDT 2022","","","3WS1NTTKE9MP2IWV2IGVJ8WKT930FC","ADOV0TU2G016A","Submitted","Fri May 13 09:51:48 PDT 2022","Fri May 13 10:08:43 PDT 2022","Mon May 16 10:08:43 PDT 2022","","","","1015","100% (33/33)","100% (33/33)","100% (25/25)","http:/3.83.245.205:3000/20220513_3_fixed_100_405","{}","20B8E90CB9"
"3PR3LXCWTP9LBEDZC609U62WX3I9X0","3H63IRCKXDPWH0CR61AJQ1E6PHQ8EE","Amazon Shopping Game [Some scoring bugs fixed; server speed improved]","Navigate the simulated Amazon shopping site to buy requested product.","","$0.70","Fri May 13 09:28:49 PDT 2022","1","BatchId:4739260;OriginalHitTemplateId:920937340;","3600","259200","Mon May 16 09:28:49 PDT 2022","","","3IXQG4FA248HLV8SXCDSTT6SHF1B9D","A2JP9IKRHNLRPI","Submitted","Fri May 13 09:38:27 PDT 2022","Fri May 13 09:50:40 PDT 2022","Mon May 16 09:50:40 PDT 2022","","","","733","100% (346/346)","100% (332/332)","100% (33/33)","http:/3.83.245.205:3000/20220513_3_fixed_100_406","{}","5AD2217DBE"
"3YZ7A3YHSF3UEAPOF6H5JIG2WSX5SX","3H63IRCKXDPWH0CR61AJQ1E6PHQ8EE","Amazon Shopping Game [Some scoring bugs fixed; server speed improved]","Navigate the simulated Amazon shopping site to buy requested product.","","$0.70","Fri May 13 09:28:49 PDT 2022","1","BatchId:4739260;OriginalHitTemplateId:920937340;","3600","259200","Mon May 16 09:28:49 PDT 2022","","","3ZOTGHDK5TLJ94T0ANI5G8BHG28OS4","A320QA9HJFUOZO","Submitted","Fri May 13 09:33:51 PDT 2022","Fri May 13 10:02:49 PDT 2022","Mon May 16 10:02:49 PDT 2022","","","","1738","100% (8/8)","100% (8/8)","0% (0/0)","http:/3.83.245.205:3000/20220513_3_fixed_100_407","perfect match - score 0.3333333333333333","AE7773D977"
"3U18MJKL24WIXI6YMKNRYUC61ABCN0","3H63IRCKXDPWH0CR61AJQ1E6PHQ8EE","Amazon Shopping Game [Some scoring bugs fixed; server speed improved]","Navigate the simulated Amazon shopping site to buy requested product.","","$0.70","Fri May 13 09:28:49 PDT 2022","1","BatchId:4739260;OriginalHitTemplateId:920937340;","3600","259200","Mon May 16 09:28:49 PDT 2022","","","3NOKK93PRCIWNUBTFEV4MFDOB9YEEU","ADOV0TU2G016A","Submitted","Fri May 13 09:54:13 PDT 2022","Fri May 13 10:22:18 PDT 2022","Mon May 16 10:22:18 PDT 2022","","","","1685","100% (33/33)","100% (33/33)","100% (25/25)","http:/3.83.245.205:3000/20220513_3_fixed_100_408","{}","7058E2BE32"
"3S1L4CQSG7FIGBWJ4I8NKUD9ZG4FAU","3H63IRCKXDPWH0CR61AJQ1E6PHQ8EE","Amazon Shopping Game [Some scoring bugs fixed; server speed improved]","Navigate the simulated Amazon shopping site to buy requested product.","","$0.70","Fri May 13 09:28:49 PDT 2022","1","BatchId:4739260;OriginalHitTemplateId:920937340;","3600","259200","Mon May 16 09:28:49 PDT 2022","","","3HHRAGRYXJF14PX11HIEZD6ROEO9OJ","ADOV0TU2G016A","Submitted","Fri May 13 09:54:49 PDT 2022","Fri May 13 10:24:38 PDT 2022","Mon May 16 10:24:38 PDT 2022","","","","1789","100% (33/33)","100% (33/33)","100% (25/25)","http:/3.83.245.205:3000/20220513_3_fixed_100_409","{}","0C440809DA"
"329E6HTMT6CTCCPCWEKADZR812T3KO","3H63IRCKXDPWH0CR61AJQ1E6PHQ8EE","Amazon Shopping Game [Some scoring bugs fixed; server speed improved]","Navigate the simulated Amazon shopping site to buy requested product.","","$0.70","Fri May 13 09:28:49 PDT 2022","1","BatchId:4739260;OriginalHitTemplateId:920937340;","3600","259200","Mon May 16 09:28:49 PDT 2022","","","3DHE4R9OC7L2CSV4SPQRKHPBRMWG2K","A2Y2TURT2VEYZN","Submitted","Fri May 13 10:56:21 PDT 2022","Fri May 13 11:04:04 PDT 2022","Mon May 16 11:04:04 PDT 2022","","","","463","100% (224/224)","100% (224/224)","100% (30/30)","http:/3.83.245.205:3000/20220513_3_fixed_100_410","{}","2FEEBAD9B4"
"3S8APUMBK7TNZL1BAW8JF5XFHYPFBP","3H63IRCKXDPWH0CR61AJQ1E6PHQ8EE","Amazon Shopping Game [Some scoring bugs fixed; server speed improved]","Navigate the simulated Amazon shopping site to buy requested product.","","$0.70","Fri May 13 09:28:49 PDT 2022","1","BatchId:4739260;OriginalHitTemplateId:920937340;","3600","259200","Mon May 16 09:28:49 PDT 2022","","","3QL2OFSM9HSLK24SCMSSME7U4PHCNJ","A2JP9IKRHNLRPI","Submitted","Fri May 13 09:29:07 PDT 2022","Fri May 13 09:36:49 PDT 2022","Mon May 16 09:36:49 PDT 2022","","","","462","100% (346/346)","100% (332/332)","100% (33/33)","http:/3.83.245.205:3000/20220513_3_fixed_100_411","{}","2B0943A625"
"3IH9TRB0GL96WEL997LFCQXYBEQI10","3H63IRCKXDPWH0CR61AJQ1E6PHQ8EE","Amazon Shopping Game [Some scoring bugs fixed; server speed improved]","Navigate the simulated Amazon shopping site to buy requested product.","","$0.70","Fri May 13 09:28:49 PDT 2022","1","BatchId:4739260;OriginalHitTemplateId:920937340;","3600","259200","Mon May 16 09:28:49 PDT 2022","","","3FTF2T8WL2S99Y63S39OG7JDRGI9WQ","AR0VJ5XRG16UJ","Submitted","Fri May 13 09:29:11 PDT 2022","Fri May 13 10:01:50 PDT 2022","Mon May 16 10:01:50 PDT 2022","","","","1959","100% (240/240)","100% (237/237)","100% (26/26)","http:/3.83.245.205:3000/20220513_3_fixed_100_412","{}","E0D3AB4DED"
"379OL9DBT2OABJ39H2MBDK95Z9C9Y6","3H63IRCKXDPWH0CR61AJQ1E6PHQ8EE","Amazon Shopping Game [Some scoring bugs fixed; server speed improved]","Navigate the simulated Amazon shopping site to buy requested product.","","$0.70","Fri May 13 09:28:49 PDT 2022","1","BatchId:4739260;OriginalHitTemplateId:920937340;","3600","259200","Mon May 16 09:28:49 PDT 2022","","","3X65QVEQIBXVW21709CD9M35ZUHCLH","AR0VJ5XRG16UJ","Submitted","Fri May 13 09:29:04 PDT 2022","Fri May 13 09:51:03 PDT 2022","Mon May 16 09:51:03 PDT 2022","","","","1319","100% (240/240)","100% (237/237)","100% (26/26)","http:/3.83.245.205:3000/20220513_3_fixed_100_413","{}","BA44D0619F"
"3KI0JD2ZVBS4EG5AWMTZGXY659V76S","3H63IRCKXDPWH0CR61AJQ1E6PHQ8EE","Amazon Shopping Game [Some scoring bugs fixed; server speed improved]","Navigate the simulated Amazon shopping site to buy requested product.","","$0.70","Fri May 13 09:28:49 PDT 2022","1","BatchId:4739260;OriginalHitTemplateId:920937340;","3600","259200","Mon May 16 09:28:49 PDT 2022","","","317HQ483II2CX5QS4WOEXH5PHU1NIW","A2JP9IKRHNLRPI","Submitted","Fri May 13 09:31:26 PDT 2022","Fri May 13 09:43:25 PDT 2022","Mon May 16 09:43:25 PDT 2022","","","","719","100% (346/346)","100% (332/332)","100% (33/33)","http:/3.83.245.205:3000/20220513_3_fixed_100_414","{}","4ADE992BF1"
"33KMQD9OGTONIGJFFWYRMBY20KF77R","3H63IRCKXDPWH0CR61AJQ1E6PHQ8EE","Amazon Shopping Game [Some scoring bugs fixed; server speed improved]","Navigate the simulated Amazon shopping site to buy requested product.","","$0.70","Fri May 13 09:28:49 PDT 2022","1","BatchId:4739260;OriginalHitTemplateId:920937340;","3600","259200","Mon May 16 09:28:49 PDT 2022","","","30JNVC0ORKUX47S0E6YA1ZZFMSFQHZ","A1HMZJ59OPLD1P","Submitted","Fri May 13 10:06:02 PDT 2022","Fri May 13 10:21:52 PDT 2022","Mon May 16 10:21:52 PDT 2022","","","","950","100% (44/44)","100% (44/44)","100% (2/2)","http:/3.83.245.205:3000/20220513_3_fixed_100_415","{}","6A470E870D"
"37SOB9Z0T274WI7UHEWBSZ4NQ2Y3LR","3H63IRCKXDPWH0CR61AJQ1E6PHQ8EE","Amazon Shopping Game [Some scoring bugs fixed; server speed improved]","Navigate the simulated Amazon shopping site to buy requested product.","","$0.70","Fri May 13 09:28:49 PDT 2022","1","BatchId:4739260;OriginalHitTemplateId:920937340;","3600","259200","Mon May 16 09:28:49 PDT 2022","","","37C0GNLMHQDNI94ED11M493QUZ9D6F","A320QA9HJFUOZO","Submitted","Fri May 13 09:51:50 PDT 2022","Fri May 13 10:22:10 PDT 2022","Mon May 16 10:22:10 PDT 2022","","","","1820","100% (8/8)","100% (8/8)","0% (0/0)","http:/3.83.245.205:3000/20220513_3_fixed_100_416","thanks","B505268805"
"3Q2T3FD0PXIO20PFHQXQSCJCQ7O3MT","3H63IRCKXDPWH0CR61AJQ1E6PHQ8EE","Amazon Shopping Game [Some scoring bugs fixed; server speed improved]","Navigate the simulated Amazon shopping site to buy requested product.","","$0.70","Fri May 13 09:28:49 PDT 2022","1","BatchId:4739260;OriginalHitTemplateId:920937340;","3600","259200","Mon May 16 09:28:49 PDT 2022","","","3DI28L7YXLOX3THH3Q0PFVUUM0Q1EU","A320QA9HJFUOZO","Submitted","Fri May 13 09:33:51 PDT 2022","Fri May 13 10:01:07 PDT 2022","Mon May 16 10:01:07 PDT 2022","","","","1636","100% (8/8)","100% (8/8)","0% (0/0)","http:/3.83.245.205:3000/20220513_3_fixed_100_417","thanks","82B1A80399"
"341YLJU22S9DLZ35SBLTH9733K4I2H","3H63IRCKXDPWH0CR61AJQ1E6PHQ8EE","Amazon Shopping Game [Some scoring bugs fixed; server speed improved]","Navigate the simulated Amazon shopping site to buy requested product.","","$0.70","Fri May 13 09:28:49 PDT 2022","1","BatchId:4739260;OriginalHitTemplateId:920937340;","3600","259200","Mon May 16 09:28:49 PDT 2022","","","32UTUBMZ7R6FI2LV0DIOLBVP87IVBB","A2JP9IKRHNLRPI","Submitted","Fri May 13 09:29:10 PDT 2022","Fri May 13 09:38:25 PDT 2022","Mon May 16 09:38:25 PDT 2022","","","","555","100% (346/346)","100% (332/332)","100% (33/33)","http:/3.83.245.205:3000/20220513_3_fixed_100_418","{}","35EEF0020A"
"307L9TDWK82UKIAFTRCQ5R8CVXY3NT","3H63IRCKXDPWH0CR61AJQ1E6PHQ8EE","Amazon Shopping Game [Some scoring bugs fixed; server speed improved]","Navigate the simulated Amazon shopping site to buy requested product.","","$0.70","Fri May 13 09:28:49 PDT 2022","1","BatchId:4739260;OriginalHitTemplateId:920937340;","3600","259200","Mon May 16 09:28:49 PDT 2022","","","37TD41K0ASJI0FWXKI9EL8H0ROPCSV","AR0VJ5XRG16UJ","Submitted","Fri May 13 09:29:14 PDT 2022","Fri May 13 10:03:18 PDT 2022","Mon May 16 10:03:18 PDT 2022","","","","2044","100% (240/240)","100% (237/237)","100% (26/26)","http:/3.83.245.205:3000/20220513_3_fixed_100_419","{}","46E4F91E35"
"3PUOXASB6HDAG9DEDOOURRI753G9ZX","3H63IRCKXDPWH0CR61AJQ1E6PHQ8EE","Amazon Shopping Game [Some scoring bugs fixed; server speed improved]","Navigate the simulated Amazon shopping site to buy requested product.","","$0.70","Fri May 13 09:28:49 PDT 2022","1","BatchId:4739260;OriginalHitTemplateId:920937340;","3600","259200","Mon May 16 09:28:49 PDT 2022","","","3NS0A6KXCFISI3YGHWZ57SZICVKGZH","A1HMZJ59OPLD1P","Submitted","Fri May 13 09:42:32 PDT 2022","Fri May 13 09:59:32 PDT 2022","Mon May 16 09:59:32 PDT 2022","","","","1020","100% (44/44)","100% (44/44)","100% (2/2)","http:/3.83.245.205:3000/20220513_3_fixed_100_420","{}","DB49D798F3"
"3TUOHPJXZR7WNAQ75HA18QA7V42XWD","3H63IRCKXDPWH0CR61AJQ1E6PHQ8EE","Amazon Shopping Game [Some scoring bugs fixed; server speed improved]","Navigate the simulated Amazon shopping site to buy requested product.","","$0.70","Fri May 13 09:28:49 PDT 2022","1","BatchId:4739260;OriginalHitTemplateId:920937340;","3600","259200","Mon May 16 09:28:49 PDT 2022","","","3BV8HQ2ZZ7BPK212TRAKE8VK9W76A1","A2JP9IKRHNLRPI","Submitted","Fri May 13 09:30:57 PDT 2022","Fri May 13 09:42:21 PDT 2022","Mon May 16 09:42:21 PDT 2022","","","","684","100% (346/346)","100% (332/332)","100% (33/33)","http:/3.83.245.205:3000/20220513_3_fixed_100_421","{}","2E088882B2"
"3087LXLJ7WQMFYY1CGBUVO1WQUS0FO","3H63IRCKXDPWH0CR61AJQ1E6PHQ8EE","Amazon Shopping Game [Some scoring bugs fixed; server speed improved]","Navigate the simulated Amazon shopping site to buy requested product.","","$0.70","Fri May 13 09:28:49 PDT 2022","1","BatchId:4739260;OriginalHitTemplateId:920937340;","3600","259200","Mon May 16 09:28:49 PDT 2022","","","33TIN5LC0FKDY31374RC144T2OLY9H","ADOV0TU2G016A","Submitted","Fri May 13 09:44:19 PDT 2022","Fri May 13 09:56:10 PDT 2022","Mon May 16 09:56:10 PDT 2022","","","","711","100% (33/33)","100% (33/33)","100% (25/25)","http:/3.83.245.205:3000/20220513_3_fixed_100_422","{}","10F1785C65"
"35ZRNT9RVS8C23ARU6C3KG8HL733O8","3H63IRCKXDPWH0CR61AJQ1E6PHQ8EE","Amazon Shopping Game [Some scoring bugs fixed; server speed improved]","Navigate the simulated Amazon shopping site to buy requested product.","","$0.70","Fri May 13 09:28:50 PDT 2022","1","BatchId:4739260;OriginalHitTemplateId:920937340;","3600","259200","Mon May 16 09:28:50 PDT 2022","","","3K3R2QNK8MDWHUHYX3UNYJYG6079UR","AR0VJ5XRG16UJ","Submitted","Fri May 13 09:29:09 PDT 2022","Fri May 13 09:59:36 PDT 2022","Mon May 16 09:59:36 PDT 2022","","","","1827","100% (240/240)","100% (237/237)","100% (26/26)","http:/3.83.245.205:3000/20220513_3_fixed_100_423","{}","3CD980BD85"
"356TQKY9YP7RIUOYP1QX0BUXB4L78E","3H63IRCKXDPWH0CR61AJQ1E6PHQ8EE","Amazon Shopping Game [Some scoring bugs fixed; server speed improved]","Navigate the simulated Amazon shopping site to buy requested product.","","$0.70","Fri May 13 09:28:50 PDT 2022","1","BatchId:4739260;OriginalHitTemplateId:920937340;","3600","259200","Mon May 16 09:28:50 PDT 2022","","","39K0FND3ASPR95MUG7H134S6ZWQMAV","A2JP9IKRHNLRPI","Submitted","Fri May 13 09:47:56 PDT 2022","Fri May 13 10:20:56 PDT 2022","Mon May 16 10:20:56 PDT 2022","","","","1980","100% (346/346)","100% (332/332)","100% (33/33)","http:/3.83.245.205:3000/20220513_3_fixed_100_424","{}","0C7547B247"
"3UUIU9GZDFFVTA2346MVTNCOYBB5TM","3H63IRCKXDPWH0CR61AJQ1E6PHQ8EE","Amazon Shopping Game [Some scoring bugs fixed; server speed improved]","Navigate the simulated Amazon shopping site to buy requested product.","","$0.70","Fri May 13 09:28:50 PDT 2022","1","BatchId:4739260;OriginalHitTemplateId:920937340;","3600","259200","Mon May 16 09:28:50 PDT 2022","","","3E13VNJ1NY59JYJ3Z9QG0ASMETCI1Z","A3T9WZOUQGE2UW","Submitted","Fri May 13 11:13:35 PDT 2022","Fri May 13 11:14:52 PDT 2022","Mon May 16 11:14:52 PDT 2022","","","","77","100% (68/68)","100% (68/68)","100% (59/59)","http:/3.83.245.205:3000/20220513_3_fixed_100_425","{}","18C8E7DB5B"
"3RDTX9JRU8BRWZ78UTWB07P8VA3793","3H63IRCKXDPWH0CR61AJQ1E6PHQ8EE","Amazon Shopping Game [Some scoring bugs fixed; server speed improved]","Navigate the simulated Amazon shopping site to buy requested product.","","$0.70","Fri May 13 09:28:50 PDT 2022","1","BatchId:4739260;OriginalHitTemplateId:920937340;","3600","259200","Mon May 16 09:28:50 PDT 2022","","","3W92K5RLW5RDTM4MZ3RBIPVXYBWV5A","AR0VJ5XRG16UJ","Submitted","Fri May 13 09:29:05 PDT 2022","Fri May 13 09:53:34 PDT 2022","Mon May 16 09:53:34 PDT 2022","","","","1469","100% (240/240)","100% (237/237)","100% (26/26)","http:/3.83.245.205:3000/20220513_3_fixed_100_426","{}","FCFA5E0D39"
"3P520RYKDRGATNHS4BC5YJYQHPI5UD","3H63IRCKXDPWH0CR61AJQ1E6PHQ8EE","Amazon Shopping Game [Some scoring bugs fixed; server speed improved]","Navigate the simulated Amazon shopping site to buy requested product.","","$0.70","Fri May 13 09:28:50 PDT 2022","1","BatchId:4739260;OriginalHitTemplateId:920937340;","3600","259200","Mon May 16 09:28:50 PDT 2022","","","3PW9OPU9P1U58D51A65ODUL5PX521Y","A320QA9HJFUOZO","Submitted","Fri May 13 09:56:41 PDT 2022","Fri May 13 10:48:31 PDT 2022","Mon May 16 10:48:31 PDT 2022","","","","3110","100% (8/8)","100% (8/8)","0% (0/0)","http:/3.83.245.205:3000/20220513_3_fixed_100_427","thanks","1D2970D2CC"
"3OQQD2WO9SG26HZOWBZY0JCV9Y4I3S","3H63IRCKXDPWH0CR61AJQ1E6PHQ8EE","Amazon Shopping Game [Some scoring bugs fixed; server speed improved]","Navigate the simulated Amazon shopping site to buy requested product.","","$0.70","Fri May 13 09:28:50 PDT 2022","1","BatchId:4739260;OriginalHitTemplateId:920937340;","3600","259200","Mon May 16 09:28:50 PDT 2022","","","336YQZE836OU3ZADLBQKVTCK7ILM5L","A2Y2TURT2VEYZN","Submitted","Fri May 13 09:32:09 PDT 2022","Fri May 13 09:36:48 PDT 2022","Mon May 16 09:36:48 PDT 2022","","","","279","100% (224/224)","100% (224/224)","100% (30/30)","http:/3.83.245.205:3000/20220513_3_fixed_100_428","{}","E6B3089D3C"
"3WRBLBQ2H1ISTYUWN0HCD918R9S0GN","3H63IRCKXDPWH0CR61AJQ1E6PHQ8EE","Amazon Shopping Game [Some scoring bugs fixed; server speed improved]","Navigate the simulated Amazon shopping site to buy requested product.","","$0.70","Fri May 13 09:28:50 PDT 2022","1","BatchId:4739260;OriginalHitTemplateId:920937340;","3600","259200","Mon May 16 09:28:50 PDT 2022","","","3BV8HQ2ZZ7BPK212TRAKE8VK9WBA69","A1HMZJ59OPLD1P","Submitted","Fri May 13 09:43:25 PDT 2022","Fri May 13 10:03:11 PDT 2022","Mon May 16 10:03:11 PDT 2022","","","","1186","100% (44/44)","100% (44/44)","100% (2/2)","http:/3.83.245.205:3000/20220513_3_fixed_100_429","{}","754CDAA636"
"3ZC62PVYERKBCAVXFM6NA9OE468XX6","3H63IRCKXDPWH0CR61AJQ1E6PHQ8EE","Amazon Shopping Game [Some scoring bugs fixed; server speed improved]","Navigate the simulated Amazon shopping site to buy requested product.","","$0.70","Fri May 13 09:28:50 PDT 2022","1","BatchId:4739260;OriginalHitTemplateId:920937340;","3600","259200","Mon May 16 09:28:50 PDT 2022","","","3I33IC7ZWQC121I16PYHOVE8TR5A2O","AR0VJ5XRG16UJ","Submitted","Fri May 13 09:29:21 PDT 2022","Fri May 13 10:10:00 PDT 2022","Mon May 16 10:10:00 PDT 2022","","","","2439","100% (240/240)","100% (237/237)","100% (26/26)","http:/3.83.245.205:3000/20220513_3_fixed_100_430","{}","014A40FDF8"
"30P8I9JKPSVA626S91MAU509VWR5V2","3H63IRCKXDPWH0CR61AJQ1E6PHQ8EE","Amazon Shopping Game [Some scoring bugs fixed; server speed improved]","Navigate the simulated Amazon shopping site to buy requested product.","","$0.70","Fri May 13 09:28:50 PDT 2022","1","BatchId:4739260;OriginalHitTemplateId:920937340;","3600","259200","Mon May 16 09:28:50 PDT 2022","","","3300DTYQTDRLKX1YO5Q4GW22UCKEQ4","ADOV0TU2G016A","Submitted","Fri May 13 09:42:31 PDT 2022","Fri May 13 09:49:31 PDT 2022","Mon May 16 09:49:31 PDT 2022","","","","420","100% (33/33)","100% (33/33)","100% (25/25)","http:/3.83.245.205:3000/20220513_3_fixed_100_431","{}","862CB1CF07"
"3X55NP42FYQUN3MS96PI9GD7VCZ3PP","3H63IRCKXDPWH0CR61AJQ1E6PHQ8EE","Amazon Shopping Game [Some scoring bugs fixed; server speed improved]","Navigate the simulated Amazon shopping site to buy requested product.","","$0.70","Fri May 13 09:28:50 PDT 2022","1","BatchId:4739260;OriginalHitTemplateId:920937340;","3600","259200","Mon May 16 09:28:50 PDT 2022","","","37M28K1J01N18XG9DA49NC0PV2UAJE","A2JP9IKRHNLRPI","Submitted","Fri May 13 09:40:16 PDT 2022","Fri May 13 10:02:45 PDT 2022","Mon May 16 10:02:45 PDT 2022","","","","1349","100% (346/346)","100% (332/332)","100% (33/33)","http:/3.83.245.205:3000/20220513_3_fixed_100_432","{}","44CE9A1FF6"
"31D0ZWOD1K9RJ7HT10P2HNQ5TEFA0L","3H63IRCKXDPWH0CR61AJQ1E6PHQ8EE","Amazon Shopping Game [Some scoring bugs fixed; server speed improved]","Navigate the simulated Amazon shopping site to buy requested product.","","$0.70","Fri May 13 09:28:50 PDT 2022","1","BatchId:4739260;OriginalHitTemplateId:920937340;","3600","259200","Mon May 16 09:28:50 PDT 2022","","","3FTYUGLFS5VRZ5408IRHC3PQY4YD5Z","A320QA9HJFUOZO","Submitted","Fri May 13 09:51:48 PDT 2022","Fri May 13 10:13:43 PDT 2022","Mon May 16 10:13:43 PDT 2022","","","","1315","100% (8/8)","100% (8/8)","0% (0/0)","http:/3.83.245.205:3000/20220513_3_fixed_100_433","thanks","6285DE4D9B"
"3ZXV7Q5FKLY69QTHOW4EQP3XZJPFCW","3H63IRCKXDPWH0CR61AJQ1E6PHQ8EE","Amazon Shopping Game [Some scoring bugs fixed; server speed improved]","Navigate the simulated Amazon shopping site to buy requested product.","","$0.70","Fri May 13 09:28:50 PDT 2022","1","BatchId:4739260;OriginalHitTemplateId:920937340;","3600","259200","Mon May 16 09:28:50 PDT 2022","","","3Q5C1WP23XBX7AOOSP7MB1OH97Q51W","A2JP9IKRHNLRPI","Submitted","Fri May 13 09:29:05 PDT 2022","Fri May 13 09:35:13 PDT 2022","Mon May 16 09:35:13 PDT 2022","","","","368","100% (346/346)","100% (332/332)","100% (33/33)","http:/3.83.245.205:3000/20220513_3_fixed_100_434","{}","D2D488AC38"
"3HUR21WDE4Z0CFL7KISPTNVN6C2XYC","3H63IRCKXDPWH0CR61AJQ1E6PHQ8EE","Amazon Shopping Game [Some scoring bugs fixed; server speed improved]","Navigate the simulated Amazon shopping site to buy requested product.","","$0.70","Fri May 13 09:28:50 PDT 2022","1","BatchId:4739260;OriginalHitTemplateId:920937340;","3600","259200","Mon May 16 09:28:50 PDT 2022","","","3IO1LGZLKK7B1E8NWTQ6IHPPJ8B681","A2JP9IKRHNLRPI","Submitted","Fri May 13 09:45:38 PDT 2022","Fri May 13 10:08:49 PDT 2022","Mon May 16 10:08:49 PDT 2022","","","","1391","100% (346/346)","100% (332/332)","100% (33/33)","http:/3.83.245.205:3000/20220513_3_fixed_100_435","{}","0501C45B6D"
"3DIIW4IV9Z5NODISWP4HAO41NY0I4D","3H63IRCKXDPWH0CR61AJQ1E6PHQ8EE","Amazon Shopping Game [Some scoring bugs fixed; server speed improved]","Navigate the simulated Amazon shopping site to buy requested product.","","$0.70","Fri May 13 09:28:50 PDT 2022","1","BatchId:4739260;OriginalHitTemplateId:920937340;","3600","259200","Mon May 16 09:28:50 PDT 2022","","","3B3WTRP3DMCNXI8WEJKHS03ON9N291","AR0VJ5XRG16UJ","Submitted","Fri May 13 09:29:26 PDT 2022","Fri May 13 10:21:56 PDT 2022","Mon May 16 10:21:56 PDT 2022","","","","3150","100% (240/240)","100% (237/237)","100% (26/26)","http:/3.83.245.205:3000/20220513_3_fixed_100_436","{}","F30BB71674"
"33J5JKFMLG8FNFN79J479L3H08L3QG","3H63IRCKXDPWH0CR61AJQ1E6PHQ8EE","Amazon Shopping Game [Some scoring bugs fixed; server speed improved]","Navigate the simulated Amazon shopping site to buy requested product.","","$0.70","Fri May 13 09:28:50 PDT 2022","1","BatchId:4739260;OriginalHitTemplateId:920937340;","3600","259200","Mon May 16 09:28:50 PDT 2022","","","3TAYZSBPLWI52X4VNPK89V8EFXC2SC","ADOV0TU2G016A","Submitted","Fri May 13 09:30:35 PDT 2022","Fri May 13 09:47:33 PDT 2022","Mon May 16 09:47:33 PDT 2022","","","","1018","100% (33/33)","100% (33/33)","100% (25/25)","http:/3.83.245.205:3000/20220513_3_fixed_100_437","{}","0C68FA1A9B"
"3FVBZG9CMTO6TUP776ZUY9D96950HM","3H63IRCKXDPWH0CR61AJQ1E6PHQ8EE","Amazon Shopping Game [Some scoring bugs fixed; server speed improved]","Navigate the simulated Amazon shopping site to buy requested product.","","$0.70","Fri May 13 09:28:50 PDT 2022","1","BatchId:4739260;OriginalHitTemplateId:920937340;","3600","259200","Mon May 16 09:28:50 PDT 2022","","","3G5F9DBFO07P9FOH05SK7MYN3KRVHV","ADOV0TU2G016A","Submitted","Fri May 13 09:43:07 PDT 2022","Fri May 13 09:50:36 PDT 2022","Mon May 16 09:50:36 PDT 2022","","","","449","100% (33/33)","100% (33/33)","100% (25/25)","http:/3.83.245.205:3000/20220513_3_fixed_100_438","{}","B336619C04"
"3ZFRE2BDRJO0H5VCG4U87U4PC66XZ3","3H63IRCKXDPWH0CR61AJQ1E6PHQ8EE","Amazon Shopping Game [Some scoring bugs fixed; server speed improved]","Navigate the simulated Amazon shopping site to buy requested product.","","$0.70","Fri May 13 09:28:50 PDT 2022","1","BatchId:4739260;OriginalHitTemplateId:920937340;","3600","259200","Mon May 16 09:28:50 PDT 2022","","","3VHP9MDGRYU9WARBEY9FE9YL2Y0CFH","ADOV0TU2G016A","Submitted","Fri May 13 09:55:26 PDT 2022","Fri May 13 10:26:07 PDT 2022","Mon May 16 10:26:07 PDT 2022","","","","1841","100% (33/33)","100% (33/33)","100% (25/25)","http:/3.83.245.205:3000/20220513_3_fixed_100_439","{}","979E86FD8D"
"3KVQ0UJWQ7VNLR6XZBR6G7JN25T5WC","3H63IRCKXDPWH0CR61AJQ1E6PHQ8EE","Amazon Shopping Game [Some scoring bugs fixed; server speed improved]","Navigate the simulated Amazon shopping site to buy requested product.","","$0.70","Fri May 13 09:28:50 PDT 2022","1","BatchId:4739260;OriginalHitTemplateId:920937340;","3600","259200","Mon May 16 09:28:50 PDT 2022","","","3KB8R4ZV1PHW05V0BIJ2LASFLS0GBD","A1HMZJ59OPLD1P","Submitted","Fri May 13 09:52:50 PDT 2022","Fri May 13 10:09:38 PDT 2022","Mon May 16 10:09:38 PDT 2022","","","","1008","100% (44/44)","100% (44/44)","100% (2/2)","http:/3.83.245.205:3000/20220513_3_fixed_100_440","{}","EF1DC7E2E5"
"30ZKOOGW36GRQW2BXJT2VS9FY6LA1O","3H63IRCKXDPWH0CR61AJQ1E6PHQ8EE","Amazon Shopping Game [Some scoring bugs fixed; server speed improved]","Navigate the simulated Amazon shopping site to buy requested product.","","$0.70","Fri May 13 09:28:51 PDT 2022","1","BatchId:4739260;OriginalHitTemplateId:920937340;","3600","259200","Mon May 16 09:28:51 PDT 2022","","","3BV8HQ2ZZ7BPK212TRAKE8VK9W7A65","AR0VJ5XRG16UJ","Submitted","Fri May 13 09:29:24 PDT 2022","Fri May 13 10:17:15 PDT 2022","Mon May 16 10:17:15 PDT 2022","","","","2871","100% (240/240)","100% (237/237)","100% (26/26)","http:/3.83.245.205:3000/20220513_3_fixed_100_441","{}","254D6645BA"
"3OID399FYQHGEIZVOSZPAVLFKJ1FDW","3H63IRCKXDPWH0CR61AJQ1E6PHQ8EE","Amazon Shopping Game [Some scoring bugs fixed; server speed improved]","Navigate the simulated Amazon shopping site to buy requested product.","","$0.70","Fri May 13 09:28:51 PDT 2022","1","BatchId:4739260;OriginalHitTemplateId:920937340;","3600","259200","Mon May 16 09:28:51 PDT 2022","","","3U5NZHP4L2CC4VRLETJL1U95HWSPH6","A1HMZJ59OPLD1P","Submitted","Fri May 13 09:57:16 PDT 2022","Fri May 13 10:13:10 PDT 2022","Mon May 16 10:13:10 PDT 2022","","","","954","100% (44/44)","100% (44/44)","100% (2/2)","http:/3.83.245.205:3000/20220513_3_fixed_100_442","{}","404EB0B48B"
"3MGHRFQY3VZSFPFWH63IK98CW5HY0I","3H63IRCKXDPWH0CR61AJQ1E6PHQ8EE","Amazon Shopping Game [Some scoring bugs fixed; server speed improved]","Navigate the simulated Amazon shopping site to buy requested product.","","$0.70","Fri May 13 09:28:51 PDT 2022","1","BatchId:4739260;OriginalHitTemplateId:920937340;","3600","259200","Mon May 16 09:28:51 PDT 2022","","","38F5OAUN5YMNYPNLI7P418IKH2H7HC","AR0VJ5XRG16UJ","Submitted","Fri May 13 09:29:03 PDT 2022","Fri May 13 09:48:02 PDT 2022","Mon May 16 09:48:02 PDT 2022","","","","1139","100% (240/240)","100% (237/237)","100% (26/26)","http:/3.83.245.205:3000/20220513_3_fixed_100_443","{}","58252EDDC1"
"3ZTE0JGGDO20F36ANZN4DJCBRKGCOF","3H63IRCKXDPWH0CR61AJQ1E6PHQ8EE","Amazon Shopping Game [Some scoring bugs fixed; server speed improved]","Navigate the simulated Amazon shopping site to buy requested product.","","$0.70","Fri May 13 09:28:51 PDT 2022","1","BatchId:4739260;OriginalHitTemplateId:920937340;","3600","259200","Mon May 16 09:28:51 PDT 2022","","","3BGYGHDBB8UCXYNXTA52IDVAH3D229","AR0VJ5XRG16UJ","Submitted","Fri May 13 09:29:09 PDT 2022","Fri May 13 09:57:41 PDT 2022","Mon May 16 09:57:41 PDT 2022","","","","1712","100% (240/240)","100% (237/237)","100% (26/26)","http:/3.83.245.205:3000/20220513_3_fixed_100_444","{}","033600CED7"
"35A1YQPVGOQ5KWMSAUNRFGAFNUVI5I","3H63IRCKXDPWH0CR61AJQ1E6PHQ8EE","Amazon Shopping Game [Some scoring bugs fixed; server speed improved]","Navigate the simulated Amazon shopping site to buy requested product.","","$0.70","Fri May 13 09:28:51 PDT 2022","1","BatchId:4739260;OriginalHitTemplateId:920937340;","3600","259200","Mon May 16 09:28:51 PDT 2022","","","3PB5A5BD06G9YTSAY17MG86J2247GD","A2JP9IKRHNLRPI","Submitted","Fri May 13 09:29:03 PDT 2022","Fri May 13 09:34:53 PDT 2022","Mon May 16 09:34:53 PDT 2022","","","","350","100% (346/346)","100% (332/332)","100% (33/33)","http:/3.83.245.205:3000/20220513_3_fixed_100_445","{}","3F74765377"
"3HJ1EVZS3YTFZG27MYT7EBDMWUN3RH","3H63IRCKXDPWH0CR61AJQ1E6PHQ8EE","Amazon Shopping Game [Some scoring bugs fixed; server speed improved]","Navigate the simulated Amazon shopping site to buy requested product.","","$0.70","Fri May 13 09:28:51 PDT 2022","1","BatchId:4739260;OriginalHitTemplateId:920937340;","3600","259200","Mon May 16 09:28:51 PDT 2022","","","3R2UR8A0ILQR5LFZ4XOSFGS9VHDXOO","A2JP9IKRHNLRPI","Submitted","Fri May 13 09:42:56 PDT 2022","Fri May 13 10:05:05 PDT 2022","Mon May 16 10:05:05 PDT 2022","","","","1329","100% (346/346)","100% (332/332)","100% (33/33)","http:/3.83.245.205:3000/20220513_3_fixed_100_446","{}","62A824FACB"
"3MJ9GGZYPDGYFHK7GNTG0BJKQCZA25","3H63IRCKXDPWH0CR61AJQ1E6PHQ8EE","Amazon Shopping Game [Some scoring bugs fixed; server speed improved]","Navigate the simulated Amazon shopping site to buy requested product.","","$0.70","Fri May 13 09:28:51 PDT 2022","1","BatchId:4739260;OriginalHitTemplateId:920937340;","3600","259200","Mon May 16 09:28:51 PDT 2022","","","3TDXMTX3CM44QKK05F2XV6J3M4H6IA","A2Y2TURT2VEYZN","Submitted","Fri May 13 09:53:48 PDT 2022","Fri May 13 09:56:18 PDT 2022","Mon May 16 09:56:18 PDT 2022","","","","150","100% (224/224)","100% (224/224)","100% (30/30)","http:/3.83.245.205:3000/20220513_3_fixed_100_447","{}","2B3AB5891F"
"3JVP4ZJHEZ26PP0RDOHFYLEO6MK0IF","3H63IRCKXDPWH0CR61AJQ1E6PHQ8EE","Amazon Shopping Game [Some scoring bugs fixed; server speed improved]","Navigate the simulated Amazon shopping site to buy requested product.","","$0.70","Fri May 13 09:28:51 PDT 2022","1","BatchId:4739260;OriginalHitTemplateId:920937340;","3600","259200","Mon May 16 09:28:51 PDT 2022","","","3RYC5T2D7E3PTP5OAYVFFYBB45PRP4","A2JP9IKRHNLRPI","Submitted","Fri May 13 09:48:06 PDT 2022","Fri May 13 10:21:36 PDT 2022","Mon May 16 10:21:36 PDT 2022","","","","2010","100% (346/346)","100% (332/332)","100% (33/33)","http:/3.83.245.205:3000/20220513_3_fixed_100_448","{}","B6790D90B9"
"3XT3KXP2598130M6FDXW7MOFJP6I6Y","3H63IRCKXDPWH0CR61AJQ1E6PHQ8EE","Amazon Shopping Game [Some scoring bugs fixed; server speed improved]","Navigate the simulated Amazon shopping site to buy requested product.","","$0.70","Fri May 13 09:28:51 PDT 2022","1","BatchId:4739260;OriginalHitTemplateId:920937340;","3600","259200","Mon May 16 09:28:51 PDT 2022","","","34X6J5FLP48TVDNQ261VDCFUZKFJQT","A2JP9IKRHNLRPI","Submitted","Fri May 13 09:39:08 PDT 2022","Fri May 13 10:01:26 PDT 2022","Mon May 16 10:01:26 PDT 2022","","","","1338","100% (346/346)","100% (332/332)","100% (33/33)","http:/3.83.245.205:3000/20220513_3_fixed_100_449","{}","3AAC63196E"
"3QD8LUVX5782ARBN9GNSIQXUB7Z5X5","3H63IRCKXDPWH0CR61AJQ1E6PHQ8EE","Amazon Shopping Game [Some scoring bugs fixed; server speed improved]","Navigate the simulated Amazon shopping site to buy requested product.","","$0.70","Fri May 13 09:28:51 PDT 2022","1","BatchId:4739260;OriginalHitTemplateId:920937340;","3600","259200","Mon May 16 09:28:51 PDT 2022","","","32SCWG5HISEW7674IASH43KF8I86PI","A1HMZJ59OPLD1P","Submitted","Fri May 13 09:34:26 PDT 2022","Fri May 13 09:41:05 PDT 2022","Mon May 16 09:41:05 PDT 2022","","","","399","100% (44/44)","100% (44/44)","100% (2/2)","http:/3.83.245.205:3000/20220513_3_fixed_100_450","{}","06AE9B8EA8"
"3GVPRXWRQR4K700BYN2OD0OBE0QI7X","3H63IRCKXDPWH0CR61AJQ1E6PHQ8EE","Amazon Shopping Game [Some scoring bugs fixed; server speed improved]","Navigate the simulated Amazon shopping site to buy requested product.","","$0.70","Fri May 13 09:28:51 PDT 2022","1","BatchId:4739260;OriginalHitTemplateId:920937340;","3600","259200","Mon May 16 09:28:51 PDT 2022","","","35LDD5557LEXLIVGSYUQXIV248LKM9","A320QA9HJFUOZO","Submitted","Fri May 13 09:56:25 PDT 2022","Fri May 13 10:41:11 PDT 2022","Mon May 16 10:41:11 PDT 2022","","","","2686","100% (8/8)","100% (8/8)","0% (0/0)","http:/3.83.245.205:3000/20220513_3_fixed_100_451","thanks","1E10AA2105"
"3YD0MU1NDCB51IHDMZABW20S1SL7AI","3H63IRCKXDPWH0CR61AJQ1E6PHQ8EE","Amazon Shopping Game [Some scoring bugs fixed; server speed improved]","Navigate the simulated Amazon shopping site to buy requested product.","","$0.70","Fri May 13 09:28:51 PDT 2022","1","BatchId:4739260;OriginalHitTemplateId:920937340;","3600","259200","Mon May 16 09:28:51 PDT 2022","","","34FNN24DCXJUXGZR4EEVPOZRGSYY5M","A2JP9IKRHNLRPI","Submitted","Fri May 13 09:29:12 PDT 2022","Fri May 13 09:38:57 PDT 2022","Mon May 16 09:38:57 PDT 2022","","","","585","100% (346/346)","100% (332/332)","100% (33/33)","http:/3.83.245.205:3000/20220513_3_fixed_100_452","{}","4ED6D21C00"
"38VTL6WC5KNRAW1XEC9U1443DDT5YB","3H63IRCKXDPWH0CR61AJQ1E6PHQ8EE","Amazon Shopping Game [Some scoring bugs fixed; server speed improved]","Navigate the simulated Amazon shopping site to buy requested product.","","$0.70","Fri May 13 09:28:51 PDT 2022","1","BatchId:4739260;OriginalHitTemplateId:920937340;","3600","259200","Mon May 16 09:28:51 PDT 2022","","","358UUM7WRAD0NJ1OEC1YFCKQ4BF7R9","AR0VJ5XRG16UJ","Submitted","Fri May 13 09:29:22 PDT 2022","Fri May 13 10:14:10 PDT 2022","Mon May 16 10:14:10 PDT 2022","","","","2688","100% (240/240)","100% (237/237)","100% (26/26)","http:/3.83.245.205:3000/20220513_3_fixed_100_453","{}","20DF5CD684"
"3YKP7CX6HCPAKSM5SDA7RDKYJA67BD","3H63IRCKXDPWH0CR61AJQ1E6PHQ8EE","Amazon Shopping Game [Some scoring bugs fixed; server speed improved]","Navigate the simulated Amazon shopping site to buy requested product.","","$0.70","Fri May 13 09:28:51 PDT 2022","1","BatchId:4739260;OriginalHitTemplateId:920937340;","3600","259200","Mon May 16 09:28:51 PDT 2022","","","39GAF6DQW2AE5433YGPZFZIGMVWV1X","A2JP9IKRHNLRPI","Submitted","Fri May 13 09:50:47 PDT 2022","Fri May 13 10:24:13 PDT 2022","Mon May 16 10:24:13 PDT 2022","","","","2006","100% (346/346)","100% (332/332)","100% (33/33)","http:/3.83.245.205:3000/20220513_3_fixed_100_454","{}","0F265B4AB1"
"3J9UN9O9KD22K0KXV62FAMTOJ190JR","3H63IRCKXDPWH0CR61AJQ1E6PHQ8EE","Amazon Shopping Game [Some scoring bugs fixed; server speed improved]","Navigate the simulated Amazon shopping site to buy requested product.","","$0.70","Fri May 13 09:28:51 PDT 2022","1","BatchId:4739260;OriginalHitTemplateId:920937340;","3600","259200","Mon May 16 09:28:51 PDT 2022","","","3Q5C1WP23XBX7AOOSP7MB1OH97X513","A2Y2TURT2VEYZN","Submitted","Fri May 13 10:05:38 PDT 2022","Fri May 13 10:07:50 PDT 2022","Mon May 16 10:07:50 PDT 2022","","","","132","100% (224/224)","100% (224/224)","100% (30/30)","http:/3.83.245.205:3000/20220513_3_fixed_100_455","{}","C340FDDA97"
"3IHWR4LC8NNO7E5U8SUUR0K6PKWI8K","3H63IRCKXDPWH0CR61AJQ1E6PHQ8EE","Amazon Shopping Game [Some scoring bugs fixed; server speed improved]","Navigate the simulated Amazon shopping site to buy requested product.","","$0.70","Fri May 13 09:28:51 PDT 2022","1","BatchId:4739260;OriginalHitTemplateId:920937340;","3600","259200","Mon May 16 09:28:51 PDT 2022","","","38SKSKU7RC7M95N7SJ8ZKP10CZ8ILW","A2Y2TURT2VEYZN","Submitted","Fri May 13 10:07:50 PDT 2022","Fri May 13 10:11:17 PDT 2022","Mon May 16 10:11:17 PDT 2022","","","","207","100% (224/224)","100% (224/224)","100% (30/30)","http:/3.83.245.205:3000/20220513_3_fixed_100_456","{}","D3F01628E5"
"359AP8GAHQUTUXEB6D622XQG1V67CK","3H63IRCKXDPWH0CR61AJQ1E6PHQ8EE","Amazon Shopping Game [Some scoring bugs fixed; server speed improved]","Navigate the simulated Amazon shopping site to buy requested product.","","$0.70","Fri May 13 09:28:51 PDT 2022","1","BatchId:4739260;OriginalHitTemplateId:920937340;","3600","259200","Mon May 16 09:28:51 PDT 2022","","","3V0Z7YWSI9ALUPLZHKPDKISLE18V2C","A2JP9IKRHNLRPI","Submitted","Fri May 13 09:39:26 PDT 2022","Fri May 13 10:02:12 PDT 2022","Mon May 16 10:02:12 PDT 2022","","","","1366","100% (346/346)","100% (332/332)","100% (33/33)","http:/3.83.245.205:3000/20220513_3_fixed_100_457","{}","D41FC81C55"
"3QGTX7BCIZCRFMB2AYBDFBD5J7X5Z2","3H63IRCKXDPWH0CR61AJQ1E6PHQ8EE","Amazon Shopping Game [Some scoring bugs fixed; server speed improved]","Navigate the simulated Amazon shopping site to buy requested product.","","$0.70","Fri May 13 09:28:51 PDT 2022","1","BatchId:4739260;OriginalHitTemplateId:920937340;","3600","259200","Mon May 16 09:28:51 PDT 2022","","","3Y9N9SS8L9LOLQHWUZ3OX6R6K853DX","A2JP9IKRHNLRPI","Submitted","Fri May 13 09:40:36 PDT 2022","Fri May 13 10:03:03 PDT 2022","Mon May 16 10:03:03 PDT 2022","","","","1347","100% (346/346)","100% (332/332)","100% (33/33)","http:/3.83.245.205:3000/20220513_3_fixed_100_458","{}","81F7011FE6"
"3HFWPF5ALJTR0V2K1NTC4LIIIW63S5","3H63IRCKXDPWH0CR61AJQ1E6PHQ8EE","Amazon Shopping Game [Some scoring bugs fixed; server speed improved]","Navigate the simulated Amazon shopping site to buy requested product.","","$0.70","Fri May 13 09:28:51 PDT 2022","1","BatchId:4739260;OriginalHitTemplateId:920937340;","3600","259200","Mon May 16 09:28:51 PDT 2022","","","3TXMY6UCAPY6NZHKSEK9Q82Z904CQ6","A2JP9IKRHNLRPI","Submitted","Fri May 13 09:29:13 PDT 2022","Fri May 13 09:40:13 PDT 2022","Mon May 16 09:40:13 PDT 2022","","","","660","100% (346/346)","100% (332/332)","100% (33/33)","http:/3.83.245.205:3000/20220513_3_fixed_100_459","{}","DFF32D539E"
"3XEDXEGFYDYXVKQFDR2RB1T1YQ90KQ","3H63IRCKXDPWH0CR61AJQ1E6PHQ8EE","Amazon Shopping Game [Some scoring bugs fixed; server speed improved]","Navigate the simulated Amazon shopping site to buy requested product.","","$0.70","Fri May 13 09:28:52 PDT 2022","1","BatchId:4739260;OriginalHitTemplateId:920937340;","3600","259200","Mon May 16 09:28:52 PDT 2022","","","351SEKWQSBRP7CP60H83T50CKZODMP","ADOV0TU2G016A","Submitted","Fri May 13 09:52:24 PDT 2022","Fri May 13 10:13:10 PDT 2022","Mon May 16 10:13:10 PDT 2022","","","","1246","100% (33/33)","100% (33/33)","100% (25/25)","http:/3.83.245.205:3000/20220513_3_fixed_100_460","{}","613D9E20C1"
"32XN26MTY9T8FQ8XYRESQ16GNQE0LT","3H63IRCKXDPWH0CR61AJQ1E6PHQ8EE","Amazon Shopping Game [Some scoring bugs fixed; server speed improved]","Navigate the simulated Amazon shopping site to buy requested product.","","$0.70","Fri May 13 09:28:52 PDT 2022","1","BatchId:4739260;OriginalHitTemplateId:920937340;","3600","259200","Mon May 16 09:28:52 PDT 2022","","","3CP1TO84P4B4WV6KBT70GKYM1D425A","ADOV0TU2G016A","Submitted","Fri May 13 09:29:19 PDT 2022","Fri May 13 09:44:33 PDT 2022","Mon May 16 09:44:33 PDT 2022","","","","914","100% (33/33)","100% (33/33)","100% (25/25)","http:/3.83.245.205:3000/20220513_3_fixed_100_461","{}","4DAA8A2A05"
"3UUSLRKAVVD3ZPKP691DM38YMVI7DK","3H63IRCKXDPWH0CR61AJQ1E6PHQ8EE","Amazon Shopping Game [Some scoring bugs fixed; server speed improved]","Navigate the simulated Amazon shopping site to buy requested product.","","$0.70","Fri May 13 09:28:52 PDT 2022","1","BatchId:4739260;OriginalHitTemplateId:920937340;","3600","259200","Mon May 16 09:28:52 PDT 2022","","","3KB8R4ZV1PHW05V0BIJ2LASFLSYBG6","A1HMZJ59OPLD1P","Submitted","Fri May 13 09:42:12 PDT 2022","Fri May 13 09:52:40 PDT 2022","Mon May 16 09:52:40 PDT 2022","","","","628","100% (44/44)","100% (44/44)","100% (2/2)","http:/3.83.245.205:3000/20220513_3_fixed_100_462","{}","BBB3F6865F"
"3L21G7IH5H6SME0EDP7IYERM1XNY1L","3H63IRCKXDPWH0CR61AJQ1E6PHQ8EE","Amazon Shopping Game [Some scoring bugs fixed; server speed improved]","Navigate the simulated Amazon shopping site to buy requested product.","","$0.70","Fri May 13 09:28:52 PDT 2022","1","BatchId:4739260;OriginalHitTemplateId:920937340;","3600","259200","Mon May 16 09:28:52 PDT 2022","","","3RJSC4XJ1B4X0L36W63MXW574FL50U","A2JP9IKRHNLRPI","Submitted","Fri May 13 09:36:16 PDT 2022","Fri May 13 09:48:35 PDT 2022","Mon May 16 09:48:35 PDT 2022","","","","739","100% (346/346)","100% (332/332)","100% (33/33)","http:/3.83.245.205:3000/20220513_3_fixed_100_463","{}","9559DF8761"
"37MQ8Z1JRO6ZBZIAWT7W3X1RT31Y22","3H63IRCKXDPWH0CR61AJQ1E6PHQ8EE","Amazon Shopping Game [Some scoring bugs fixed; server speed improved]","Navigate the simulated Amazon shopping site to buy requested product.","","$0.70","Fri May 13 09:28:52 PDT 2022","1","BatchId:4739260;OriginalHitTemplateId:920937340;","3600","259200","Mon May 16 09:28:52 PDT 2022","","","3E4GGUZ1TJ17EERNIGB6I9H4Y33K2H","A320QA9HJFUOZO","Submitted","Fri May 13 09:47:54 PDT 2022","Fri May 13 10:10:12 PDT 2022","Mon May 16 10:10:12 PDT 2022","","","","1338","100% (8/8)","100% (8/8)","0% (0/0)","http:/3.83.245.205:3000/20220513_3_fixed_100_464","thanks","A94EBE908C"
"3RZS0FBRXUKI03IB2Z0J2JH11PCCPW","3H63IRCKXDPWH0CR61AJQ1E6PHQ8EE","Amazon Shopping Game [Some scoring bugs fixed; server speed improved]","Navigate the simulated Amazon shopping site to buy requested product.","","$0.70","Fri May 13 09:28:52 PDT 2022","1","BatchId:4739260;OriginalHitTemplateId:920937340;","3600","259200","Mon May 16 09:28:52 PDT 2022","","","3DL65MZB8OPHQWRFJNP9WRDLQXLEC1","A320QA9HJFUOZO","Submitted","Fri May 13 09:53:57 PDT 2022","Fri May 13 10:31:15 PDT 2022","Mon May 16 10:31:15 PDT 2022","","","","2238","100% (8/8)","100% (8/8)","0% (0/0)","http:/3.83.245.205:3000/20220513_3_fixed_100_465","thanks","781AB92F5D"
"3NI0WFPPJJQQW55QBN8Q1IOJXVP60R","3H63IRCKXDPWH0CR61AJQ1E6PHQ8EE","Amazon Shopping Game [Some scoring bugs fixed; server speed improved]","Navigate the simulated Amazon shopping site to buy requested product.","","$0.70","Fri May 13 09:28:52 PDT 2022","1","BatchId:4739260;OriginalHitTemplateId:920937340;","3600","259200","Mon May 16 09:28:52 PDT 2022","","","3Z7VU45IP9RVEO8DZDE205VCA6Y1ZZ","A2JP9IKRHNLRPI","Submitted","Fri May 13 09:29:06 PDT 2022","Fri May 13 09:36:15 PDT 2022","Mon May 16 09:36:15 PDT 2022","","","","429","100% (346/346)","100% (332/332)","100% (33/33)","http:/3.83.245.205:3000/20220513_3_fixed_100_466","{}","C47FFE1C84"
"3RBI0I35YODOWHET0TL1M76JZH1Y3D","3H63IRCKXDPWH0CR61AJQ1E6PHQ8EE","Amazon Shopping Game [Some scoring bugs fixed; server speed improved]","Navigate the simulated Amazon shopping site to buy requested product.","","$0.70","Fri May 13 09:28:52 PDT 2022","1","BatchId:4739260;OriginalHitTemplateId:920937340;","3600","259200","Mon May 16 09:28:52 PDT 2022","","","3WETL7AQW4ITHD23FTL5ZU3E7R453O","A2JP9IKRHNLRPI","Submitted","Fri May 13 09:29:12 PDT 2022","Fri May 13 09:39:21 PDT 2022","Mon May 16 09:39:21 PDT 2022","","","","609","100% (346/346)","100% (332/332)","100% (33/33)","http:/3.83.245.205:3000/20220513_3_fixed_100_467","{}","1F2A65A6CA"
"34OWYT6U46ROLJO4DK08RWFH9QEI99","3H63IRCKXDPWH0CR61AJQ1E6PHQ8EE","Amazon Shopping Game [Some scoring bugs fixed; server speed improved]","Navigate the simulated Amazon shopping site to buy requested product.","","$0.70","Fri May 13 09:28:52 PDT 2022","1","BatchId:4739260;OriginalHitTemplateId:920937340;","3600","259200","Mon May 16 09:28:52 PDT 2022","","","3CCZ6YKWRITFWFRJW2MFQ7607JE595","AR0VJ5XRG16UJ","Submitted","Fri May 13 09:29:22 PDT 2022","Fri May 13 10:15:32 PDT 2022","Mon May 16 10:15:32 PDT 2022","","","","2770","100% (240/240)","100% (237/237)","100% (26/26)","http:/3.83.245.205:3000/20220513_3_fixed_100_468","{}","20DF5CD684"
"3BO3NEOQNAR2Q2Y95QE8NRQ1F8WIAO","3H63IRCKXDPWH0CR61AJQ1E6PHQ8EE","Amazon Shopping Game [Some scoring bugs fixed; server speed improved]","Navigate the simulated Amazon shopping site to buy requested product.","","$0.70","Fri May 13 09:28:52 PDT 2022","1","BatchId:4739260;OriginalHitTemplateId:920937340;","3600","259200","Mon May 16 09:28:52 PDT 2022","","","3SNLUL3WOFXRIWI7M0XD3SPB6UJUL4","A3T9WZOUQGE2UW","Submitted","Fri May 13 11:49:40 PDT 2022","Fri May 13 11:52:45 PDT 2022","Mon May 16 11:52:45 PDT 2022","","","","185","100% (68/68)","100% (68/68)","100% (59/59)","http:/3.83.245.205:3000/20220513_3_fixed_100_469","Score was 0.0 even though I picked a golden colored necklace with black in it.","5C91EF1A40"
"36818Z1KWDNN0ZGQKN7LJLOCWQZA3G","3H63IRCKXDPWH0CR61AJQ1E6PHQ8EE","Amazon Shopping Game [Some scoring bugs fixed; server speed improved]","Navigate the simulated Amazon shopping site to buy requested product.","","$0.70","Fri May 13 09:28:52 PDT 2022","1","BatchId:4739260;OriginalHitTemplateId:920937340;","3600","259200","Mon May 16 09:28:52 PDT 2022","","","3WI0P0II6C2G4S2Y5P4KF4UMQMIRDM","A320QA9HJFUOZO","Submitted","Fri May 13 09:33:48 PDT 2022","Fri May 13 09:59:29 PDT 2022","Mon May 16 09:59:29 PDT 2022","","","","1541","100% (8/8)","100% (8/8)","0% (0/0)","http:/3.83.245.205:3000/20220513_3_fixed_100_470","n/a","52CFC29A29"
"3BVS8WK9RA579C31B4E4I2A7XQHIBJ","3H63IRCKXDPWH0CR61AJQ1E6PHQ8EE","Amazon Shopping Game [Some scoring bugs fixed; server speed improved]","Navigate the simulated Amazon shopping site to buy requested product.","","$0.70","Fri May 13 09:28:52 PDT 2022","1","BatchId:4739260;OriginalHitTemplateId:920937340;","3600","259200","Mon May 16 09:28:52 PDT 2022","","","3TS1AR6UQ1O3KTWFNH14YN671N47FE","AR0VJ5XRG16UJ","Submitted","Fri May 13 09:29:03 PDT 2022","Fri May 13 09:49:51 PDT 2022","Mon May 16 09:49:51 PDT 2022","","","","1248","100% (240/240)","100% (237/237)","100% (26/26)","http:/3.83.245.205:3000/20220513_3_fixed_100_471","{}","60D4BB11BE"
"3FCO4VKO0EN8RVYP24CXSLQJM7J7ED","3H63IRCKXDPWH0CR61AJQ1E6PHQ8EE","Amazon Shopping Game [Some scoring bugs fixed; server speed improved]","Navigate the simulated Amazon shopping site to buy requested product.","","$0.70","Fri May 13 09:28:52 PDT 2022","1","BatchId:4739260;OriginalHitTemplateId:920937340;","3600","259200","Mon May 16 09:28:52 PDT 2022","","","3PEIJLRY643ZAUO1VJF2WA5VYJDWX0","A2JP9IKRHNLRPI","Submitted","Fri May 13 09:49:16 PDT 2022","Fri May 13 10:22:14 PDT 2022","Mon May 16 10:22:14 PDT 2022","","","","1978","100% (346/346)","100% (332/332)","100% (33/33)","http:/3.83.245.205:3000/20220513_3_fixed_100_472","{}","03D55321D0"
"3M4KL7H8L5XQ3UQ876CQFN7T2NV61U","3H63IRCKXDPWH0CR61AJQ1E6PHQ8EE","Amazon Shopping Game [Some scoring bugs fixed; server speed improved]","Navigate the simulated Amazon shopping site to buy requested product.","","$0.70","Fri May 13 09:28:52 PDT 2022","1","BatchId:4739260;OriginalHitTemplateId:920937340;","3600","259200","Mon May 16 09:28:52 PDT 2022","","","3V5Q80FXI811IGJGXAJ71N02NHD23K","AR0VJ5XRG16UJ","Submitted","Fri May 13 09:29:16 PDT 2022","Fri May 13 10:05:14 PDT 2022","Mon May 16 10:05:14 PDT 2022","","","","2158","100% (240/240)","100% (237/237)","100% (26/26)","http:/3.83.245.205:3000/20220513_3_fixed_100_473","{}","190B311D0D"
"38O9DZ0A7CXXSF84QAC4K6HYUT962B","3H63IRCKXDPWH0CR61AJQ1E6PHQ8EE","Amazon Shopping Game [Some scoring bugs fixed; server speed improved]","Navigate the simulated Amazon shopping site to buy requested product.","","$0.70","Fri May 13 09:28:52 PDT 2022","1","BatchId:4739260;OriginalHitTemplateId:920937340;","3600","259200","Mon May 16 09:28:52 PDT 2022","","","3B1NLC6UGA6Y4ZWAUN13GUX42WAGPT","A2JP9IKRHNLRPI","Submitted","Fri May 13 09:31:16 PDT 2022","Fri May 13 09:42:53 PDT 2022","Mon May 16 09:42:53 PDT 2022","","","","697","100% (346/346)","100% (332/332)","100% (33/33)","http:/3.83.245.205:3000/20220513_3_fixed_100_474","{}","1DB185C44D"
"3XDSWAMB3C230FJQ2CF82O7B6LYCQN","3H63IRCKXDPWH0CR61AJQ1E6PHQ8EE","Amazon Shopping Game [Some scoring bugs fixed; server speed improved]","Navigate the simulated Amazon shopping site to buy requested product.","","$0.70","Fri May 13 09:28:52 PDT 2022","1","BatchId:4739260;OriginalHitTemplateId:920937340;","3600","259200","Mon May 16 09:28:52 PDT 2022","","","31Z0PCVWUVPD3YEGI16TFRL8SWC7TM","AR0VJ5XRG16UJ","Submitted","Fri May 13 09:29:25 PDT 2022","Fri May 13 10:19:31 PDT 2022","Mon May 16 10:19:31 PDT 2022","","","","3006","100% (240/240)","100% (237/237)","100% (26/26)","http:/3.83.245.205:3000/20220513_3_fixed_100_475","{}","C4ECDE3419"
"3BDORL6HLUN3CGYQFR487EHG270CRO","3H63IRCKXDPWH0CR61AJQ1E6PHQ8EE","Amazon Shopping Game [Some scoring bugs fixed; server speed improved]","Navigate the simulated Amazon shopping site to buy requested product.","","$0.70","Fri May 13 09:28:52 PDT 2022","1","BatchId:4739260;OriginalHitTemplateId:920937340;","3600","259200","Mon May 16 09:28:52 PDT 2022","","","32N49TQG3RSAZSG3UZISQ0BJQPXVAG","A2JP9IKRHNLRPI","Submitted","Fri May 13 09:29:09 PDT 2022","Fri May 13 09:37:51 PDT 2022","Mon May 16 09:37:51 PDT 2022","","","","522","100% (346/346)","100% (332/332)","100% (33/33)","http:/3.83.245.205:3000/20220513_3_fixed_100_476","{}","DC9AFD6E70"
"3B9J25CZ3FNFDVY3UG4DXOMCO9JCSC","3H63IRCKXDPWH0CR61AJQ1E6PHQ8EE","Amazon Shopping Game [Some scoring bugs fixed; server speed improved]","Navigate the simulated Amazon shopping site to buy requested product.","","$0.70","Fri May 13 09:28:53 PDT 2022","1","BatchId:4739260;OriginalHitTemplateId:920937340;","3600","259200","Mon May 16 09:28:53 PDT 2022","","","3QY5DC2MX2U5I48B0PUF8FKR9Y2FUP","ADOV0TU2G016A","Submitted","Fri May 13 09:29:55 PDT 2022","Fri May 13 09:46:07 PDT 2022","Mon May 16 09:46:07 PDT 2022","","","","972","100% (33/33)","100% (33/33)","100% (25/25)","http:/3.83.245.205:3000/20220513_3_fixed_100_477","{}","A9E5F28C17"
"3G3AJKPCYV29EDXX07QKWCYPDHXY4Y","3H63IRCKXDPWH0CR61AJQ1E6PHQ8EE","Amazon Shopping Game [Some scoring bugs fixed; server speed improved]","Navigate the simulated Amazon shopping site to buy requested product.","","$0.70","Fri May 13 09:28:53 PDT 2022","1","BatchId:4739260;OriginalHitTemplateId:920937340;","3600","259200","Mon May 16 09:28:53 PDT 2022","","","3K4J6M3CXP3RHVQ854J6QZ893AEAGB","ADOV0TU2G016A","Submitted","Fri May 13 09:43:43 PDT 2022","Fri May 13 09:52:54 PDT 2022","Mon May 16 09:52:54 PDT 2022","","","","551","100% (33/33)","100% (33/33)","100% (25/25)","http:/3.83.245.205:3000/20220513_3_fixed_100_478","{}","A5F5885D1D"
"3DA79LNS6J5SFVFZQNY2EQE4KFK3TU","3H63IRCKXDPWH0CR61AJQ1E6PHQ8EE","Amazon Shopping Game [Some scoring bugs fixed; server speed improved]","Navigate the simulated Amazon shopping site to buy requested product.","","$0.70","Fri May 13 09:28:53 PDT 2022","1","BatchId:4739260;OriginalHitTemplateId:920937340;","3600","259200","Mon May 16 09:28:53 PDT 2022","","","374TNBHA8M5JQ2IPO62YNZUICOMYQ0","A2JP9IKRHNLRPI","Submitted","Fri May 13 09:33:36 PDT 2022","Fri May 13 09:44:09 PDT 2022","Mon May 16 09:44:09 PDT 2022","","","","633","100% (346/346)","100% (332/332)","100% (33/33)","http:/3.83.245.205:3000/20220513_3_fixed_100_479","{}","BB4B472D8D"
"3L7SUC0TU44SL8QIY3F7QEL5NV40MV","3H63IRCKXDPWH0CR61AJQ1E6PHQ8EE","Amazon Shopping Game [Some scoring bugs fixed; server speed improved]","Navigate the simulated Amazon shopping site to buy requested product.","","$0.70","Fri May 13 09:28:53 PDT 2022","1","BatchId:4739260;OriginalHitTemplateId:920937340;","3600","259200","Mon May 16 09:28:53 PDT 2022","","","3DL65MZB8OPHQWRFJNP9WRDLQXKCEY","A2JP9IKRHNLRPI","Submitted","Fri May 13 09:48:36 PDT 2022","Fri May 13 10:21:51 PDT 2022","Mon May 16 10:21:51 PDT 2022","","","","1995","100% (346/346)","100% (332/332)","100% (33/33)","http:/3.83.245.205:3000/20220513_3_fixed_100_480","{}","E79678FD13"
"3V0TR1NRWKC8IVZUK1C4TQGIAQVA41","3H63IRCKXDPWH0CR61AJQ1E6PHQ8EE","Amazon Shopping Game [Some scoring bugs fixed; server speed improved]","Navigate the simulated Amazon shopping site to buy requested product.","","$0.70","Fri May 13 09:28:53 PDT 2022","1","BatchId:4739260;OriginalHitTemplateId:920937340;","3600","259200","Mon May 16 09:28:53 PDT 2022","","","3L70J4KAZRWO5BGH3EIYKE5CQIYAD1","A2JP9IKRHNLRPI","Submitted","Fri May 13 09:43:36 PDT 2022","Fri May 13 10:06:12 PDT 2022","Mon May 16 10:06:12 PDT 2022","","","","1356","100% (346/346)","100% (332/332)","100% (33/33)","http:/3.83.245.205:3000/20220513_3_fixed_100_481","{}","F7ED04FC10"
"38VTL6WC5KNRAW1XEC9U1443DDSY53","3H63IRCKXDPWH0CR61AJQ1E6PHQ8EE","Amazon Shopping Game [Some scoring bugs fixed; server speed improved]","Navigate the simulated Amazon shopping site to buy requested product.","","$0.70","Fri May 13 09:28:53 PDT 2022","1","BatchId:4739260;OriginalHitTemplateId:920937340;","3600","259200","Mon May 16 09:28:53 PDT 2022","","","39GXDJN2O4OWG4NOX1YEU95O01XV8C","AR0VJ5XRG16UJ","Submitted","Fri May 13 09:29:08 PDT 2022","Fri May 13 09:55:13 PDT 2022","Mon May 16 09:55:13 PDT 2022","","","","1565","100% (240/240)","100% (237/237)","100% (26/26)","http:/3.83.245.205:3000/20220513_3_fixed_100_482","{}","C149986EE8"
"3IKDQS3DROAQJHV7P4AZTMGPFBHICQ","3H63IRCKXDPWH0CR61AJQ1E6PHQ8EE","Amazon Shopping Game [Some scoring bugs fixed; server speed improved]","Navigate the simulated Amazon shopping site to buy requested product.","","$0.70","Fri May 13 09:28:53 PDT 2022","1","BatchId:4739260;OriginalHitTemplateId:920937340;","3600","259200","Mon May 16 09:28:53 PDT 2022","","","3KMS4QQVKD0RF83Z6BQD2SBT779FKX","ADOV0TU2G016A","Submitted","Fri May 13 09:51:11 PDT 2022","Fri May 13 10:07:46 PDT 2022","Mon May 16 10:07:46 PDT 2022","","","","995","100% (33/33)","100% (33/33)","100% (25/25)","http:/3.83.245.205:3000/20220513_3_fixed_100_483","{}","6FF86F7CE4"
"38LRF35D6V67F8UOQSOCJM063TR3UL","3H63IRCKXDPWH0CR61AJQ1E6PHQ8EE","Amazon Shopping Game [Some scoring bugs fixed; server speed improved]","Navigate the simulated Amazon shopping site to buy requested product.","","$0.70","Fri May 13 09:28:53 PDT 2022","1","BatchId:4739260;OriginalHitTemplateId:920937340;","3600","259200","Mon May 16 09:28:53 PDT 2022","","","3A9AA95AT7W0O27QDRICCX6FCN1P5P","A320QA9HJFUOZO","Submitted","Fri May 13 09:56:32 PDT 2022","Fri May 13 10:46:09 PDT 2022","Mon May 16 10:46:09 PDT 2022","","","","2977","100% (8/8)","100% (8/8)","0% (0/0)","http:/3.83.245.205:3000/20220513_3_fixed_100_484","thanks","A68EF5A3D0"
"374UMBUHOFZGSVBIJG937TIYQSXCT1","3H63IRCKXDPWH0CR61AJQ1E6PHQ8EE","Amazon Shopping Game [Some scoring bugs fixed; server speed improved]","Navigate the simulated Amazon shopping site to buy requested product.","","$0.70","Fri May 13 09:28:53 PDT 2022","1","BatchId:4739260;OriginalHitTemplateId:920937340;","3600","259200","Mon May 16 09:28:53 PDT 2022","","","3QILPRALQG5J8ZEFVACNKSBBEYX8NA","A2JP9IKRHNLRPI","Submitted","Fri May 13 09:37:56 PDT 2022","Fri May 13 09:50:16 PDT 2022","Mon May 16 09:50:16 PDT 2022","","","","740","100% (346/346)","100% (332/332)","100% (33/33)","http:/3.83.245.205:3000/20220513_3_fixed_100_485","{}","F7553A32F6"
"3909MD9T39RL6ODVKNA9GD30KV2FEP","3H63IRCKXDPWH0CR61AJQ1E6PHQ8EE","Amazon Shopping Game [Some scoring bugs fixed; server speed improved]","Navigate the simulated Amazon shopping site to buy requested product.","","$0.70","Fri May 13 09:28:53 PDT 2022","1","BatchId:4739260;OriginalHitTemplateId:920937340;","3600","259200","Mon May 16 09:28:53 PDT 2022","","","3KKG4CDWKT8X0WNJIX35LF0M7NO494","A320QA9HJFUOZO","Submitted","Fri May 13 09:55:08 PDT 2022","Fri May 13 10:39:02 PDT 2022","Mon May 16 10:39:02 PDT 2022","","","","2634","100% (8/8)","100% (8/8)","0% (0/0)","http:/3.83.245.205:3000/20220513_3_fixed_100_486","thanks","2416DEA8EF"
"3J5XXLQDIWL7SNJOVIYHF82PH003VA","3H63IRCKXDPWH0CR61AJQ1E6PHQ8EE","Amazon Shopping Game [Some scoring bugs fixed; server speed improved]","Navigate the simulated Amazon shopping site to buy requested product.","","$0.70","Fri May 13 09:28:53 PDT 2022","1","BatchId:4739260;OriginalHitTemplateId:920937340;","3600","259200","Mon May 16 09:28:53 PDT 2022","","","3TMSXRD2XHARKT38OQUV111UT4U1W9","A2JP9IKRHNLRPI","Submitted","Fri May 13 09:29:01 PDT 2022","Fri May 13 09:33:33 PDT 2022","Mon May 16 09:33:33 PDT 2022","","","","272","100% (346/346)","100% (332/332)","100% (33/33)","http:/3.83.245.205:3000/20220513_3_fixed_100_487","{}","7024DC9B26"
"3SD15I2WEC4MDX4NUAQ93GMQ07963M","3H63IRCKXDPWH0CR61AJQ1E6PHQ8EE","Amazon Shopping Game [Some scoring bugs fixed; server speed improved]","Navigate the simulated Amazon shopping site to buy requested product.","","$0.70","Fri May 13 09:28:53 PDT 2022","1","BatchId:4739260;OriginalHitTemplateId:920937340;","3600","259200","Mon May 16 09:28:53 PDT 2022","","","3YZ8UPK3V4WYFSO19N4E09ZOCLACUB","AR0VJ5XRG16UJ","Submitted","Fri May 13 09:29:17 PDT 2022","Fri May 13 10:07:07 PDT 2022","Mon May 16 10:07:07 PDT 2022","","","","2270","100% (240/240)","100% (237/237)","100% (26/26)","http:/3.83.245.205:3000/20220513_3_fixed_100_488","{}","5518819319"
"30EV7DWJU55NT01BJVJZTAI3983Y6J","3H63IRCKXDPWH0CR61AJQ1E6PHQ8EE","Amazon Shopping Game [Some scoring bugs fixed; server speed improved]","Navigate the simulated Amazon shopping site to buy requested product.","","$0.70","Fri May 13 09:28:53 PDT 2022","1","BatchId:4739260;OriginalHitTemplateId:920937340;","3600","259200","Mon May 16 09:28:53 PDT 2022","","","3018Q3ZVOT0I6LZMLFDIP3MG5JZRAY","A3T9WZOUQGE2UW","Submitted","Fri May 13 10:59:50 PDT 2022","Fri May 13 11:00:43 PDT 2022","Mon May 16 11:00:43 PDT 2022","","","","53","100% (68/68)","100% (68/68)","100% (59/59)","http:/3.83.245.205:3000/20220513_3_fixed_100_489","{}","0EF5A107B8"
"3RWSQDNYMJWDC2DRFYUFYVO0WWHFF7","3H63IRCKXDPWH0CR61AJQ1E6PHQ8EE","Amazon Shopping Game [Some scoring bugs fixed; server speed improved]","Navigate the simulated Amazon shopping site to buy requested product.","","$0.70","Fri May 13 09:28:53 PDT 2022","1","BatchId:4739260;OriginalHitTemplateId:920937340;","3600","259200","Mon May 16 09:28:53 PDT 2022","","","3MD9PLUKKTOYSVF240C0XC8FD72ZN4","AR0VJ5XRG16UJ","Submitted","Fri May 13 09:29:01 PDT 2022","Fri May 13 09:45:43 PDT 2022","Mon May 16 09:45:43 PDT 2022","","","","1002","100% (240/240)","100% (237/237)","100% (26/26)","http:/3.83.245.205:3000/20220513_3_fixed_100_490","{}","18FB22FA94"
"32FESTC2OR0VS8Q7JLZDCP40964CUS","3H63IRCKXDPWH0CR61AJQ1E6PHQ8EE","Amazon Shopping Game [Some scoring bugs fixed; server speed improved]","Navigate the simulated Amazon shopping site to buy requested product.","","$0.70","Fri May 13 09:28:53 PDT 2022","1","BatchId:4739260;OriginalHitTemplateId:920937340;","3600","259200","Mon May 16 09:28:53 PDT 2022","","","3SBEHTYCWYD694U6BYXPEX3WLE7YIZ","A2JP9IKRHNLRPI","Submitted","Fri May 13 09:41:46 PDT 2022","Fri May 13 10:03:25 PDT 2022","Mon May 16 10:03:25 PDT 2022","","","","1299","100% (346/346)","100% (332/332)","100% (33/33)","http:/3.83.245.205:3000/20220513_3_fixed_100_491","{}","FC280361C8"
"3JGHED38FN16X0FG25ORZOIZ4JNY7I","3H63IRCKXDPWH0CR61AJQ1E6PHQ8EE","Amazon Shopping Game [Some scoring bugs fixed; server speed improved]","Navigate the simulated Amazon shopping site to buy requested product.","","$0.70","Fri May 13 09:28:53 PDT 2022","1","BatchId:4739260;OriginalHitTemplateId:920937340;","3600","259200","Mon May 16 09:28:53 PDT 2022","","","35L9RVQFCZSPW0ZHVFIFB0W4PDFUH2","A2JP9IKRHNLRPI","Submitted","Fri May 13 09:35:56 PDT 2022","Fri May 13 09:48:03 PDT 2022","Mon May 16 09:48:03 PDT 2022","","","","727","100% (346/346)","100% (332/332)","100% (33/33)","http:/3.83.245.205:3000/20220513_3_fixed_100_492","{}","E157BE82D6"
"3NSCTNUR39XQEE3UY6VEYIMWAMQA56","3H63IRCKXDPWH0CR61AJQ1E6PHQ8EE","Amazon Shopping Game [Some scoring bugs fixed; server speed improved]","Navigate the simulated Amazon shopping site to buy requested product.","","$0.70","Fri May 13 09:28:53 PDT 2022","1","BatchId:4739260;OriginalHitTemplateId:920937340;","3600","259200","Mon May 16 09:28:53 PDT 2022","","","3MYYFCXHJEHCF6ARW39FDWM9B0T4G5","A320QA9HJFUOZO","Submitted","Fri May 13 11:02:49 PDT 2022","Fri May 13 11:26:22 PDT 2022","Mon May 16 11:26:22 PDT 2022","","","","1413","100% (8/8)","100% (8/8)","0% (0/0)","http:/3.83.245.205:3000/20220513_3_fixed_100_493","very vague product description","865B955170"
"3H5TOKO3EJT7VTNRUOVSDLEWE75647","3H63IRCKXDPWH0CR61AJQ1E6PHQ8EE","Amazon Shopping Game [Some scoring bugs fixed; server speed improved]","Navigate the simulated Amazon shopping site to buy requested product.","","$0.70","Fri May 13 09:28:53 PDT 2022","1","BatchId:4739260;OriginalHitTemplateId:920937340;","3600","259200","Mon May 16 09:28:53 PDT 2022","","","3RGU30DZTLI2AYPYADUEW3VPPJLJM9","A320QA9HJFUOZO","Submitted","Fri May 13 09:54:39 PDT 2022","Fri May 13 10:37:15 PDT 2022","Mon May 16 10:37:15 PDT 2022","","","","2556","100% (8/8)","100% (8/8)","0% (0/0)","http:/3.83.245.205:3000/20220513_3_fixed_100_494","thanks","CAB6D95624"
"3DZKABX20SFV5NF7OB9I8B6JNDDCVH","3H63IRCKXDPWH0CR61AJQ1E6PHQ8EE","Amazon Shopping Game [Some scoring bugs fixed; server speed improved]","Navigate the simulated Amazon shopping site to buy requested product.","","$0.70","Fri May 13 09:28:54 PDT 2022","1","BatchId:4739260;OriginalHitTemplateId:920937340;","3600","259200","Mon May 16 09:28:54 PDT 2022","","","3QAPZX2QNFN51OKJEN1OZP2VK5T20P","A2JP9IKRHNLRPI","Submitted","Fri May 13 09:29:06 PDT 2022","Fri May 13 09:35:47 PDT 2022","Mon May 16 09:35:47 PDT 2022","","","","401","100% (346/346)","100% (332/332)","100% (33/33)","http:/3.83.245.205:3000/20220513_3_fixed_100_495","{}","D1748B29AA"
"3FBEFUUYSUFMXI383P5JQO0W6H1A6M","3H63IRCKXDPWH0CR61AJQ1E6PHQ8EE","Amazon Shopping Game [Some scoring bugs fixed; server speed improved]","Navigate the simulated Amazon shopping site to buy requested product.","","$0.70","Fri May 13 09:28:54 PDT 2022","1","BatchId:4739260;OriginalHitTemplateId:920937340;","3600","259200","Mon May 16 09:28:54 PDT 2022","","","3VNXK88KKNSWU96Y2T4SU50ZK7L9VL","A320QA9HJFUOZO","Submitted","Fri May 13 09:55:09 PDT 2022","Fri May 13 10:40:20 PDT 2022","Mon May 16 10:40:20 PDT 2022","","","","2711","100% (8/8)","100% (8/8)","0% (0/0)","http:/3.83.245.205:3000/20220513_3_fixed_100_496","thanks","5D16A04074"
"3YD0MU1NDCB51IHDMZABW20S1SLA7L","3H63IRCKXDPWH0CR61AJQ1E6PHQ8EE","Amazon Shopping Game [Some scoring bugs fixed; server speed improved]","Navigate the simulated Amazon shopping site to buy requested product.","","$0.70","Fri May 13 09:28:54 PDT 2022","1","BatchId:4739260;OriginalHitTemplateId:920937340;","3600","259200","Mon May 16 09:28:54 PDT 2022","","","32N49TQG3RSAZSG3UZISQ0BJQPZVAI","A1HMZJ59OPLD1P","Submitted","Fri May 13 09:38:47 PDT 2022","Fri May 13 09:50:03 PDT 2022","Mon May 16 09:50:03 PDT 2022","","","","676","100% (44/44)","100% (44/44)","100% (2/2)","http:/3.83.245.205:3000/20220513_3_fixed_100_497","{}","11272980C8"
"39XCQ6V3L8EPRCRR8TE2IDKAE3065C","3H63IRCKXDPWH0CR61AJQ1E6PHQ8EE","Amazon Shopping Game [Some scoring bugs fixed; server speed improved]","Navigate the simulated Amazon shopping site to buy requested product.","","$0.70","Fri May 13 09:28:54 PDT 2022","1","BatchId:4739260;OriginalHitTemplateId:920937340;","3600","259200","Mon May 16 09:28:54 PDT 2022","","","3VD82FOHK1Y32N44D1S5137ZUZNCOZ","A2JP9IKRHNLRPI","Submitted","Fri May 13 09:36:56 PDT 2022","Fri May 13 09:49:07 PDT 2022","Mon May 16 09:49:07 PDT 2022","","","","731","100% (346/346)","100% (332/332)","100% (33/33)","http:/3.83.245.205:3000/20220513_3_fixed_100_498","{}","501C48804C"
"375VMB7D5TT0O91LP05ADSY70BTIDQ","3H63IRCKXDPWH0CR61AJQ1E6PHQ8EE","Amazon Shopping Game [Some scoring bugs fixed; server speed improved]","Navigate the simulated Amazon shopping site to buy requested product.","","$0.70","Fri May 13 09:28:54 PDT 2022","1","BatchId:4739260;OriginalHitTemplateId:920937340;","3600","259200","Mon May 16 09:28:54 PDT 2022","","","3JMSRU9HQT4DP5XFA4KEMJ1AB4VVEB","A2JP9IKRHNLRPI","Submitted","Fri May 13 09:29:17 PDT 2022","Fri May 13 09:40:29 PDT 2022","Mon May 16 09:40:29 PDT 2022","","","","672","100% (346/346)","100% (332/332)","100% (33/33)","http:/3.83.245.205:3000/20220513_3_fixed_100_499","{}","558C1A0082"